"DESCRIPTION","DURATION IN MS","NAME","PARENT SUITE","START TIME","STATUS","STOP TIME","SUB SUITE","SUITE","TEST CLASS","TEST METHOD"
"","23714","Трансфер невалидной суммы на свой существующий счёт [2] transferAmount = 10001.0, errorMessage = ""Transfer amount cannot exceed 10000""","","2026-07-28","passed","2026-07-28","","iteration2.api.AccountTransferTest","iteration2.api.AccountTransferTest","userCanNotTransferInvalidAmountBetweenAccounts"
"","49884","Повторный перевод на свой счёт","","2026-07-28","passed","2026-07-28","","iteration2.ui.RepeatTransferTest","iteration2.ui.RepeatTransferTest","userCanRepeatTransferToOwnAccount"
"","45897","testTransferWithFraudCheckApproved(FraudCheckResponse)","","2026-07-28","passed","2026-07-28","","iteration2.api.TransferWithFraudCheckTest","iteration2.api.TransferWithFraudCheckTest","testTransferWithFraudCheckApproved"
"","3633","adminCanCreateUserWithCorrectData()","","2026-07-28","passed","2026-07-28","","iteration1.api.CreateUserTest","iteration1.api.CreateUserTest","adminCanCreateUserWithCorrectData"
"","11034","userCanCreateAccountTest()","","2026-07-28","passed","2026-07-28","","iteration1.api.CreateAccountTest","iteration1.api.CreateAccountTest","userCanCreateAccountTest"
"","88824","Отображение истории транзакций между своими счетами","","2026-07-28","passed","2026-07-28","","iteration2.ui.TransferAgainTest","iteration2.ui.TransferAgainTest","userCanSearchTransactionBetweenOwnTransfers"
"","22045","Перевод между своими счетами [1] transferAmount = 1.0","","2026-07-28","passed","2026-07-28","","iteration2.api.AccountTransferTest","iteration2.api.AccountTransferTest","userCanTransferMoneyBetweenAccounts"
"","73370","Отсутствие перевода без Confirm","","2026-07-28","passed","2026-07-28","","iteration2.ui.NewTransferDepositTest","iteration2.ui.NewTransferDepositTest","userCanNotTransferWithoutConfirm"
"","3932","adminCanNotCreateUserWithInvalidData(String, String, String, List) [4] username = ""huOwpgxSyr"", password = null, errorKey = ""password"", errorValue = [Password cannot be blank]","","2026-07-28","passed","2026-07-28","","iteration1.api.CreateUserTest","iteration1.api.CreateUserTest","adminCanNotCreateUserWithInvalidData"
"","81691","Депозит валидной суммы на свой существующий счёт [3] amount = 5000.0","","2026-07-28","passed","2026-07-28","","iteration2.ui.AccountDepositTest","iteration2.ui.AccountDepositTest","userCanDepositToExistAccount"
"","34553","Перевод с чужого аккаунта на свой","","2026-07-28","passed","2026-07-28","","iteration2.api.AccountTransferTest","iteration2.api.AccountTransferTest","userCanNotTransferFromNeSvoyAccount"
"","23322","testTransferWithFraudOtherReason(FraudCheckResponse)","","2026-07-28","passed","2026-07-28","","iteration2.api.TransferWithFraudCheckTest","iteration2.api.TransferWithFraudCheckTest","testTransferWithFraudOtherReason"
"","46644","Депозит невалидной суммы на свой существующий счёт [1] amount = 0, alert = ""❌ Please enter a valid amount.""","","2026-07-28","passed","2026-07-28","","iteration2.ui.AccountDepositTest","iteration2.ui.AccountDepositTest","userCanNotDepositExistAccountWithBadValue"
"","54503","Трансфер невалидной суммы на свой существующий счёт [1] transferAmount = -1, message = ""Invalid transfer: insufficient funds or invalid accounts""","","2026-07-28","passed","2026-07-28","","iteration2.ui.NewTransferDepositTest","iteration2.ui.NewTransferDepositTest","userCanNotTransferInvalidAmountBetweenAccounts"
"","2328","adminCanGenerateAuthTokenTest()","","2026-07-28","passed","2026-07-28","","iteration1.api.LoginUserTest","iteration1.api.LoginUserTest","adminCanGenerateAuthTokenTest"
"","37752","Изменение введённого имени пользователя на валидное значение [1] newName = ""omguU Bzofh""","","2026-07-28","passed","2026-07-28","","iteration2.ui.ChangeNameTest","iteration2.ui.ChangeNameTest","userCanUpdateValidName"
"","17658","Отсутствие перевода между счетами при недостаточности средств у отправителя","","2026-07-28","passed","2026-07-28","","iteration2.api.AccountTransferTest","iteration2.api.AccountTransferTest","userCanNotTransferInsufficientMoneyBetweenAccounts"
"","35527","Депозит невалидной суммы на свой существующий счёт [2] amount = -1, alert = ""❌ Please enter a valid amount.""","","2026-07-28","passed","2026-07-28","","iteration2.ui.AccountDepositTest","iteration2.ui.AccountDepositTest","userCanNotDepositExistAccountWithBadValue"
"","29185","testTransferWithFraudCheckManualReviewRequired(FraudCheckResponse)","","2026-07-28","passed","2026-07-28","","iteration2.api.TransferWithFraudCheckTest","iteration2.api.TransferWithFraudCheckTest","testTransferWithFraudCheckManualReviewRequired"
"","61662","Отсутствие перевода с некорректным Amount [2] transferAmount = 10001.0, message = ""Transfer amount cannot exceed 10000""","","2026-07-28","passed","2026-07-28","","iteration2.ui.RepeatTransferTest","iteration2.ui.RepeatTransferTest","userCanNotRepeatTransferWithInvalidAmount"
"","20722","adminCannotCreateUserWithInvalidDataTest()","","2026-07-28","passed","2026-07-28","","iteration1.ui.CreateUserTest","iteration1.ui.CreateUserTest","adminCannotCreateUserWithInvalidDataTest"
"","73019","Отсутствие перевода без Recipient Account Number","","2026-07-28","passed","2026-07-28","","iteration2.ui.NewTransferDepositTest","iteration2.ui.NewTransferDepositTest","userCanNotTransferWithoutRecipientAccountNumber"
"","29498","Не активность кнопки Send Transfer без подтверждения деталей","","2026-07-28","passed","2026-07-28","","iteration2.ui.RepeatTransferTest","iteration2.ui.RepeatTransferTest","userCanNotRepeatTransferWithoutConfirm"
"","57600","Ввод имени пользователя на невалидное значение [1] newName = ""ЦДщРЖ аЪАни УЖШзё""","","2026-07-28","passed","2026-07-28","","iteration2.ui.ChangeNameTest","iteration2.ui.ChangeNameTest","userCanNotSetInvalidName"
"","58711","Депозит без выбора аккаунта","","2026-07-28","passed","2026-07-28","","iteration2.ui.AccountDepositTest","iteration2.ui.AccountDepositTest","userCanNotDepositWithoutAccount"
"","23536","Перевод на чужой счёт","","2026-07-28","passed","2026-07-28","","iteration2.api.AccountTransferTest","iteration2.api.AccountTransferTest","userCanTransferMoneyToOtherAccounts"
"","79438","Депозит валидной суммы на свой существующий счёт [1] amount = 1.0","","2026-07-28","passed","2026-07-28","","iteration2.ui.AccountDepositTest","iteration2.ui.AccountDepositTest","userCanDepositToExistAccount"
"","67278","userCanCreateAccountTest()","","2026-07-28","passed","2026-07-28","","iteration1.ui.CreateAccountTest","iteration1.ui.CreateAccountTest","userCanCreateAccountTest"
"","18736","Невозможность изменения имени пользователя на невалидное значение [3] name = ""ftJKK63733 hZWwc83573""","","2026-07-28","passed","2026-07-28","","iteration2.api.ChangeNameTest","iteration2.api.ChangeNameTest","userCanNotUpdateInvalidName"
"","52696","Изменение имени на пустое","","2026-07-28","passed","2026-07-28","","iteration2.ui.ChangeNameTest","iteration2.ui.ChangeNameTest","changeToEmptyName"
"","84353","Депозит валидной суммы на свой существующий счёт [2] amount = 4999.0","","2026-07-28","passed","2026-07-28","","iteration2.ui.AccountDepositTest","iteration2.ui.AccountDepositTest","userCanDepositToExistAccount"
"","10871","adminCanNotCreateUserWithInvalidData(String, String, String, List) [1] username = null, password = ""QAIvkn220!%#@"", errorKey = ""username"", errorValue = [Username cannot be blank]","","2026-07-28","passed","2026-07-28","","iteration1.api.CreateUserTest","iteration1.api.CreateUserTest","adminCanNotCreateUserWithInvalidData"
"","21232","Депозит валидной суммы на свой существующий счёт [2] amount = 4999.0","","2026-07-28","passed","2026-07-28","","iteration2.api.AccountDepositTest","iteration2.api.AccountDepositTest","userCanDepositExistAccount"
"","23499","Депозит невалидной суммы на свой существующий счёт [1] amount = 0, errorMessage = ""Invalid account or amount""","","2026-07-28","passed","2026-07-28","","iteration2.api.AccountDepositTest","iteration2.api.AccountDepositTest","userCanNotDepositExistAccountWithBadValue"
"","46569","adminCanLoginWithCorrectDataTest()","","2026-07-28","passed","2026-07-28","","iteration1.ui.LoginUserTest","iteration1.ui.LoginUserTest","adminCanLoginWithCorrectDataTest"
"","20835","Депозит невалидной суммы на свой существующий счёт [2] amount = -1, errorMessage = ""Invalid account or amount""","","2026-07-28","passed","2026-07-28","","iteration2.api.AccountDepositTest","iteration2.api.AccountDepositTest","userCanNotDepositExistAccountWithBadValue"
"","30801","Депозит на чужой счёт","","2026-07-28","passed","2026-07-28","","iteration2.api.AccountDepositTest","iteration2.api.AccountDepositTest","userCanNotDepositOtherAccount"
"","33393","Отмена повторного перевода","","2026-07-28","passed","2026-07-28","","iteration2.ui.RepeatTransferTest","iteration2.ui.RepeatTransferTest","userCanCancelRepeatTransfer"
"","36617","Перевод между своими счетами [1] transferAmount = 1.0","","2026-07-28","passed","2026-07-28","","iteration2.ui.NewTransferDepositTest","iteration2.ui.NewTransferDepositTest","userCanTransferMoneyBetweenAccounts"
"","14596","Отсутствие перевода на несуществующий счёт","","2026-07-28","passed","2026-07-28","","iteration2.api.AccountTransferTest","iteration2.api.AccountTransferTest","userCanNotTransferToNotExistsAccounts"
"","67492","Изменение имени на то же самое","","2026-07-28","passed","2026-07-28","","iteration2.ui.ChangeNameTest","iteration2.ui.ChangeNameTest","changeTheSameName"
"","53104","Отсутствие перевода с некорректным Amount [1] transferAmount = -1, message = ""Invalid transfer: insufficient funds or invalid accounts""","","2026-07-28","passed","2026-07-28","","iteration2.ui.RepeatTransferTest","iteration2.ui.RepeatTransferTest","userCanNotRepeatTransferWithInvalidAmount"
"","27093","Депозит валидной суммы на свой существующий счёт [1] amount = 1.0","","2026-07-28","passed","2026-07-28","","iteration2.api.AccountDepositTest","iteration2.api.AccountDepositTest","userCanDepositExistAccount"
"","35740","Отсутствие перевода на несуществующий счёт","","2026-07-28","passed","2026-07-28","","iteration2.ui.NewTransferDepositTest","iteration2.ui.NewTransferDepositTest","userCanNotTransferToNotExistsAccounts"
"","25366","Отсутствие перевода без Amount","","2026-07-28","passed","2026-07-28","","iteration2.ui.NewTransferDepositTest","iteration2.ui.NewTransferDepositTest","userCanNotTransferWithoutAmount"
"","20522","Изменение имени пользователя на валидное значение [1] name = ""CNtJF COQAS""","","2026-07-28","passed","2026-07-28","","iteration2.api.ChangeNameTest","iteration2.api.ChangeNameTest","userCanUpdateValidName"
"","51857","Перевод без Recipient Name","","2026-07-28","passed","2026-07-28","","iteration2.ui.NewTransferDepositTest","iteration2.ui.NewTransferDepositTest","userCanNotTransferWithoutRecipientName"
"","21684","Трансфер невалидной суммы на свой существующий счёт [1] transferAmount = -1, errorMessage = ""Invalid transfer: insufficient funds or invalid accounts""","","2026-07-28","passed","2026-07-28","","iteration2.api.AccountTransferTest","iteration2.api.AccountTransferTest","userCanNotTransferInvalidAmountBetweenAccounts"
"","2814","adminCanNotCreateUserWithInvalidData(String, String, String, List) [5] username = ""sbbTMZJfLG"", password = ""M"", errorKey = ""password"", errorValue = [Password must contain at least one digit, one lower case, one upper case, one special character, no spaces, and be at least 8 characters long]","","2026-07-28","passed","2026-07-28","","iteration1.api.CreateUserTest","iteration1.api.CreateUserTest","adminCanNotCreateUserWithInvalidData"
"","60944","Ввод имени пользователя на невалидное значение [4] newName = ""15738 46099""","","2026-07-28","passed","2026-07-28","","iteration2.ui.ChangeNameTest","iteration2.ui.ChangeNameTest","userCanNotSetInvalidName"
"","54510","adminCanCreateUserTest()","","2026-07-28","passed","2026-07-28","","iteration1.ui.CreateUserTest","iteration1.ui.CreateUserTest","adminCanCreateUserTest"
"","22595","testTransferWithFraudCheckVerificationRequired(FraudCheckResponse)","","2026-07-28","passed","2026-07-28","","iteration2.api.TransferWithFraudCheckTest","iteration2.api.TransferWithFraudCheckTest","testTransferWithFraudCheckVerificationRequired"
"","21350","Депозит невалидной суммы на свой существующий счёт [3] amount = 5001.0, errorMessage = ""Deposit amount exceeds the 5000 limit""","","2026-07-28","passed","2026-07-28","","iteration2.api.AccountDepositTest","iteration2.api.AccountDepositTest","userCanNotDepositExistAccountWithBadValue"
"","64248","Перевод между своими счетами [3] transferAmount = 10000.0","","2026-07-28","passed","2026-07-28","","iteration2.ui.NewTransferDepositTest","iteration2.ui.NewTransferDepositTest","userCanTransferMoneyBetweenAccounts"
"","15311","Невозможность изменения имени пользователя на невалидное значение [2] name = ""pdZgQ isiNU kmixl""","","2026-07-28","passed","2026-07-28","","iteration2.api.ChangeNameTest","iteration2.api.ChangeNameTest","userCanNotUpdateInvalidName"
"","17243","Перевод между своими счетами [3] transferAmount = 10000.0","","2026-07-28","passed","2026-07-28","","iteration2.api.AccountTransferTest","iteration2.api.AccountTransferTest","userCanTransferMoneyBetweenAccounts"
"","954","adminCanNotCreateUserWithInvalidData(String, String, String, List) [2] username = ""gt"", password = ""YGSggz981!%#@"", errorKey = ""username"", errorValue = [Username must be between 3 and 15 characters]","","2026-07-28","passed","2026-07-28","","iteration1.api.CreateUserTest","iteration1.api.CreateUserTest","adminCanNotCreateUserWithInvalidData"
"","95294","Отображение истории перевода на чужой счёт","","2026-07-28","passed","2026-07-28","","iteration2.ui.TransferAgainTest","iteration2.ui.TransferAgainTest","userCanSearchTransactionBetweenOtherTransfer"
"","14548","Депозит на несуществующий счёт","","2026-07-28","passed","2026-07-28","","iteration2.api.AccountDepositTest","iteration2.api.AccountDepositTest","userCanNotDepositUnexistAccount"
"","1808","adminCanNotCreateUserWithInvalidData(String, String, String, List) [3] username = ""omG%"", password = ""AYHsje696!%#@"", errorKey = ""username"", errorValue = [Username must contain only letters, digits, dashes, underscores, and dots]","","2026-07-28","passed","2026-07-28","","iteration1.api.CreateUserTest","iteration1.api.CreateUserTest","adminCanNotCreateUserWithInvalidData"
"","24315","Перевод между своими счетами [2] transferAmount = 9999.0","","2026-07-28","passed","2026-07-28","","iteration2.api.AccountTransferTest","iteration2.api.AccountTransferTest","userCanTransferMoneyBetweenAccounts"
"","9610","userCanGenerateAuthTokenTest()","","2026-07-28","passed","2026-07-28","","iteration1.api.LoginUserTest","iteration1.api.LoginUserTest","userCanGenerateAuthTokenTest"
"","29947","Депозит невалидной суммы на свой существующий счёт [3] amount = 5001.0, alert = ""❌ Please deposit less or equal to 5000$.""","","2026-07-28","passed","2026-07-28","","iteration2.ui.AccountDepositTest","iteration2.ui.AccountDepositTest","userCanNotDepositExistAccountWithBadValue"
"","99610","Повторный перевод на чужой счёт","","2026-07-28","passed","2026-07-28","","iteration2.ui.RepeatTransferTest","iteration2.ui.RepeatTransferTest","userCanSearchTransactionBetweenOtherTransfer"
"","12583","Невозможность изменения имени пользователя на невалидное значение [4] name = ""73590 82537""","","2026-07-28","passed","2026-07-28","","iteration2.api.ChangeNameTest","iteration2.api.ChangeNameTest","userCanNotUpdateInvalidName"
"","20077","Невозможность изменения имени пользователя на невалидное значение [1] name = ""фКшШЗ жгъъм ёЖКИт""","","2026-07-28","passed","2026-07-28","","iteration2.api.ChangeNameTest","iteration2.api.ChangeNameTest","userCanNotUpdateInvalidName"
"","45150","Перевод на чужой счёт","","2026-07-28","passed","2026-07-28","","iteration2.ui.NewTransferDepositTest","iteration2.ui.NewTransferDepositTest","userCanTransferMoneyToOtherAccounts"
"","37158","userCanLoginWithCorrectDataTest()","","2026-07-28","passed","2026-07-28","","iteration1.ui.LoginUserTest","iteration1.ui.LoginUserTest","userCanLoginWithCorrectDataTest"
"","52115","Ввод имени пользователя на невалидное значение [2] newName = ""EckQG dznzc jYGVR""","","2026-07-28","passed","2026-07-28","","iteration2.ui.ChangeNameTest","iteration2.ui.ChangeNameTest","userCanNotSetInvalidName"
"","41167","Перевод между своими счетами [2] transferAmount = 9999.0","","2026-07-28","passed","2026-07-28","","iteration2.ui.NewTransferDepositTest","iteration2.ui.NewTransferDepositTest","userCanTransferMoneyBetweenAccounts"
"","32615","Ввод имени пользователя на невалидное значение [3] newName = ""wuBXb41245 SVljH19283""","","2026-07-28","passed","2026-07-28","","iteration2.ui.ChangeNameTest","iteration2.ui.ChangeNameTest","userCanNotSetInvalidName"
"","36907","Отсутствие перевода без выбора аккаунта отправителя","","2026-07-28","passed","2026-07-28","","iteration2.ui.NewTransferDepositTest","iteration2.ui.NewTransferDepositTest","userCanNotTransferWithoutSenderAccount"
"","36313","Трансфер невалидной суммы на свой существующий счёт [2] transferAmount = 10001.0, message = ""Transfer amount cannot exceed 10000""","","2026-07-28","passed","2026-07-28","","iteration2.ui.NewTransferDepositTest","iteration2.ui.NewTransferDepositTest","userCanNotTransferInvalidAmountBetweenAccounts"
"","34884","Ввод имени пользователя на валидное значение [1] newName = ""rMPSQ xrPPH""","","2026-07-28","passed","2026-07-28","","iteration2.ui.ChangeNameTest","iteration2.ui.ChangeNameTest","userCanSetValidName"
"","26180","Депозит валидной суммы на свой существующий счёт [3] amount = 5000.0","","2026-07-28","passed","2026-07-28","","iteration2.api.AccountDepositTest","iteration2.api.AccountDepositTest","userCanDepositExistAccount"
